channel,metric,mean,subject
LY,DTW,590.3869038918133,6
LY,Lag,-1.5483870967741935,6
LY,MAE,0.1081222990347493,6
LY,R2,-2.661918813182462,6
LY,RMSE,0.14438480970090592,6
LY,sMAPE,100.18202750913558,6
RY,DTW,382.44601663497286,6
RY,Lag,9.935483870967742,6
RY,MAE,0.08167847486272935,6
RY,R2,0.41477076853475264,6
RY,RMSE,0.11778927024221095,6
RY,sMAPE,93.24137090867565,6
