channel,metric,mean,subject
LY,DTW,783.5992047728502,10
LY,Lag,-22.193548387096776,10
LY,MAE,0.1387032080561884,10
LY,R2,-4.4663006740231666,10
LY,RMSE,0.18629332931516576,10
LY,sMAPE,124.61011062129852,10
RY,DTW,655.4524582696549,10
RY,Lag,-16.580645161290324,10
RY,MAE,0.11776774821262206,10
RY,R2,-3.5306004997222655,10
RY,RMSE,0.16123796038313887,10
RY,sMAPE,119.15559780982232,10
