channel,metric,mean,subject
LY,DTW,410.4517869133325,7
LY,Lag,-40.71875,7
LY,MAE,0.09083790483418852,7
LY,R2,0.5278655011206865,7
LY,RMSE,0.13495561720950588,7
LY,sMAPE,89.46968269348145,7
RY,DTW,338.25538670850443,7
RY,Lag,-9.15625,7
RY,MAE,0.07712790893856436,7
RY,R2,0.40118395164608955,7
RY,RMSE,0.11689366537371097,7
RY,sMAPE,93.90123295783997,7
