channel,metric,mean,subject
LY,DTW,662.9375900930014,5
LY,Lag,-64.36363636363636,5
LY,MAE,0.12361269850622524,5
LY,R2,-1.1949913772669705,5
LY,RMSE,0.16705473390288633,5
LY,sMAPE,113.16647177031545,5
RY,DTW,587.5790179149022,5
RY,Lag,-41.03030303030303,5
RY,MAE,0.11041503264145418,5
RY,R2,-2.0633483348470745,5
RY,RMSE,0.15547548772727704,5
RY,sMAPE,117.90922107118548,5
