channel,metric,mean,subject
LY,DTW,356.3872591133574,8
LY,Lag,13.757575757575758,8
LY,MAE,0.0782189868164785,8
LY,R2,-1.2677392869284658,8
LY,RMSE,0.1119142991862136,8
LY,sMAPE,94.22300003514145,8
RY,DTW,314.9172220495027,8
RY,Lag,9.575757575757576,8
RY,MAE,0.075356182388284,8
RY,R2,0.2640296455585595,8
RY,RMSE,0.10537858820887143,8
RY,sMAPE,100.53223488547586,8
