channel,metric,mean,subject
LY,DTW,614.2626787721271,9
LY,Lag,-32.303030303030305,9
LY,MAE,0.11622786499334103,9
LY,R2,-0.3237421458417719,9
LY,RMSE,0.17183863156899812,9
LY,sMAPE,106.14495040431167,9
RY,DTW,418.4327599669405,9
RY,Lag,-48.18181818181818,9
RY,MAE,0.09049532223831523,9
RY,R2,-0.32454764301126654,9
RY,RMSE,0.14217112414879213,9
RY,sMAPE,101.6679072524562,9
