channel,metric,mean,subject
LY,DTW,610.1549522687382,3
LY,Lag,-4.875,3
LY,MAE,0.11657880735583603,3
LY,R2,-0.8798925541341305,3
LY,RMSE,0.16468852461339406,3
LY,sMAPE,95.30973625183105,3
RY,DTW,742.1154601654666,3
RY,Lag,-54.3125,3
RY,MAE,0.13307114434428513,3
RY,R2,-0.08356638997793198,3
RY,RMSE,0.187810389245678,3
RY,sMAPE,104.46936464309692,3
