channel,metric,mean,subject
LY,DTW,501.4352043494276,2
LY,Lag,-8.909090909090908,2
LY,MAE,0.10034945110479991,2
LY,R2,-2.6172893498883103,2
LY,RMSE,0.13811737633964902,2
LY,sMAPE,107.31008009477095,2
RY,DTW,335.7475962784068,2
RY,Lag,-9.848484848484848,2
RY,MAE,0.076035699383779,2
RY,R2,-0.0875636592055812,2
RY,RMSE,0.11638550088296874,2
RY,sMAPE,102.4657377763228,2
