channel,metric,mean,subject
LY,DTW,598.5386555895728,4
LY,Lag,-145.4848484848485,4
LY,MAE,0.11669128930026834,4
LY,R2,-0.5469802401282571,4
LY,RMSE,0.1841724739931944,4
LY,sMAPE,92.00292714436848,4
RY,DTW,358.3584268929506,4
RY,Lag,1.4545454545454546,4
RY,MAE,0.07844964550300078,4
RY,R2,0.07745239951393822,4
RY,RMSE,0.11788812219354988,4
RY,sMAPE,107.20217895507812,4
