channel,metric,mean,subject
LY,DTW,737.8610239468115,1
LY,Lag,-4.7272727272727275,1
LY,MAE,0.1303675617232467,1
LY,R2,-1.2003155422933174,1
LY,RMSE,0.18228734876853983,1
LY,sMAPE,107.89215781471945,1
RY,DTW,1054.6015003756906,1
RY,Lag,-36.42424242424242,1
RY,MAE,0.16898600124951565,1
RY,R2,-0.4459177725242846,1
RY,RMSE,0.24228751180359104,1
RY,sMAPE,112.56963810776219,1
